-- phpMyAdmin SQL Dump
-- version 5.2.1
-- https://www.phpmyadmin.net/
--
-- Host: localhost:3306
-- Generation Time: Sep 28, 2023 at 11:59 PM
-- Server version: 10.6.15-MariaDB-cll-lve
-- PHP Version: 8.1.16

SET SQL_MODE = "NO_AUTO_VALUE_ON_ZERO";
START TRANSACTION;
SET time_zone = "+00:00";


/*!40101 SET @OLD_CHARACTER_SET_CLIENT=@@CHARACTER_SET_CLIENT */;
/*!40101 SET @OLD_CHARACTER_SET_RESULTS=@@CHARACTER_SET_RESULTS */;
/*!40101 SET @OLD_COLLATION_CONNECTION=@@COLLATION_CONNECTION */;
/*!40101 SET NAMES utf8mb4 */;

--
-- Database: `peruma11_rck`
--

-- --------------------------------------------------------

--
-- Table structure for table `m_desa`
--

CREATE TABLE `m_desa` (
  `id_desa` int(11) NOT NULL,
  `id_pengguna` int(11) NOT NULL,
  `kd_desa` varchar(15) NOT NULL,
  `nm_desa` varchar(225) NOT NULL,
  `luas_desa` varchar(50) NOT NULL,
  `jml_penduduk` float NOT NULL,
  `warna_desa` varchar(15) NOT NULL,
  `geojson_desa` varchar(30) NOT NULL
) ENGINE=InnoDB DEFAULT CHARSET=utf8mb4 COLLATE=utf8mb4_general_ci;

--
-- Dumping data for table `m_desa`
--

INSERT INTO `m_desa` (`id_desa`, `id_pengguna`, `kd_desa`, `nm_desa`, `luas_desa`, `jml_penduduk`, `warna_desa`, `geojson_desa`) VALUES
(1, 0, '32.04.28.2001', 'Rancaekek Wetan', '2.65238207 km²', 30.157, '#ff0000', '1190723071106.geojson'),
(2, 0, '32.04.28.2002', 'Rancaekek Kulon', '3.73457961 km²', 13.265, '#00ff00', '43190723071117.geojson'),
(3, 0, '32.04.28.2003', 'Bojongsalam', '2.01406231 km²', 6.589, '#0000ff', '16190723071128.geojson'),
(4, 0, '32.04.28.2004', 'Bojongloa', '4.9826649 km²', 18.215, '#ffff00', '51190723071139.geojson'),
(5, 0, '32.04.28.2005', 'Jelegong', '3.57847027 km²', 22.337, '#ff00ff', '86190723071217.geojson'),
(6, 0, '32.04.28.2006', 'Linggar', '3.99901058 km²', 10.846, '#00ffff', '75190723071234.geojson'),
(7, 0, '32.04.28.2007', 'Cangkuang', '3.2893585 km²', 11.978, '#ffa500', '67190723071401.geojson'),
(8, 0, '32.04.28.2008', 'Haurpugur', '3.35216042 km²', 7.927, '#800080', '4190723071413.geojson'),
(9, 0, '32.04.28.2009', 'Sukamanah', '4.88311646 km²', 8.758, '#a52a2a', '55190723071426.geojson'),
(10, 0, '32.04.28.2010', 'Sukamulya', '3.27548536 km²', 9.058, '#006400', '65190723071437.geojson'),
(11, 0, '32.04.28.2011', 'Tegal Sumedang', '4.205878 km²', 5.133, '#000080', '88190723071453.geojson'),
(13, 0, '32.04.28.2012', 'Sangiang', '2.20920762 km²', 8.16, '#ffc0cb', '60190723071515.geojson'),
(14, 0, '32.04.28.2013', 'Nanjung Mekar', '1.45437143 km²', 11.856, '#00ffa8', '87190723071605.geojson'),
(15, 0, '32.04.28.2014', 'Rancaekek Kencana', '1.04225467 km²', 22.247, '#808000', '87190723071628.geojson');

-- --------------------------------------------------------

--
-- Table structure for table `m_kecamatan`
--

CREATE TABLE `m_kecamatan` (
  `id_kecamatan` int(11) NOT NULL,
  `id_pengguna` int(11) NOT NULL,
  `kd_kecamatan` varchar(10) NOT NULL,
  `nm_kecamatan` varchar(225) NOT NULL,
  `nm_kabupaten` varchar(225) NOT NULL,
  `nm_provinsi` varchar(225) NOT NULL,
  `luas_kecamatan` varchar(50) NOT NULL,
  `jml_penduduk` float NOT NULL,
  `warna_kecamatan` varchar(15) NOT NULL,
  `geojson_kecamatan` varchar(30) NOT NULL
) ENGINE=InnoDB DEFAULT CHARSET=utf8mb4 COLLATE=utf8mb4_general_ci;

--
-- Dumping data for table `m_kecamatan`
--

INSERT INTO `m_kecamatan` (`id_kecamatan`, `id_pengguna`, `kd_kecamatan`, `nm_kecamatan`, `nm_kabupaten`, `nm_provinsi`, `luas_kecamatan`, `jml_penduduk`, `warna_kecamatan`, `geojson_kecamatan`) VALUES
(1, 0, '32.04.28', 'Rancaekek', 'Bandung', 'Jawa Barat', '4.604 Ha', 186.526, '#000000', '36100723055047.geojson');

-- --------------------------------------------------------

--
-- Table structure for table `m_lokasi`
--

CREATE TABLE `m_lokasi` (
  `id_lokasi` int(11) NOT NULL,
  `id_perumahan` int(11) NOT NULL,
  `id_desa` int(11) NOT NULL,
  `id_kecamatan` int(11) NOT NULL,
  `id_pengguna` int(11) NOT NULL,
  `kd_lokasi` varchar(12) NOT NULL,
  `lokasi` varchar(225) NOT NULL,
  `lat` float(9,6) NOT NULL,
  `lng` float(9,6) NOT NULL,
  `luas_area` varchar(30) NOT NULL,
  `geojson` text NOT NULL
) ENGINE=InnoDB DEFAULT CHARSET=utf8mb4 COLLATE=utf8mb4_general_ci;

--
-- Dumping data for table `m_lokasi`
--

INSERT INTO `m_lokasi` (`id_lokasi`, `id_perumahan`, `id_desa`, `id_kecamatan`, `id_pengguna`, `kd_lokasi`, `lokasi`, `lat`, `lng`, `luas_area`, `geojson`) VALUES
(22, 6, 1, 1, 0, 'RL282001001', 'Jalan Palem Raya No. 22', -6.964420, 107.757622, '106999.69 m²', '{\"type\":\"FeatureCollection\",\"features\":[{\"type\":\"Feature\",\"properties\":{},\"geometry\":{\"type\":\"Polygon\",\"coordinates\":[[[107.75612,-6.963991],[107.756249,-6.963725],[107.757458,-6.964036],[107.757514,-6.963386],[107.758108,-6.963436],[107.757895,-6.96423],[107.758421,-6.96423],[107.758432,-6.964041],[107.758908,-6.964158],[107.758746,-6.964853],[107.759132,-6.96488],[107.759384,-6.963936],[107.759244,-6.963891],[107.759468,-6.963186],[107.759933,-6.963314],[107.759793,-6.963791],[107.760448,-6.963825],[107.76051,-6.963514],[107.76009,-6.963375],[107.760174,-6.963091],[107.760336,-6.963114],[107.760392,-6.963041],[107.761271,-6.963269],[107.761198,-6.963475],[107.76182,-6.963625],[107.761708,-6.964097],[107.76173,-6.964169],[107.761669,-6.964364],[107.761344,-6.964286],[107.761232,-6.964591],[107.760739,-6.964491],[107.760588,-6.964736],[107.760375,-6.964886],[107.761081,-6.965058],[107.761092,-6.965292],[107.761473,-6.965414],[107.761618,-6.965814],[107.760689,-6.966158],[107.760504,-6.966053],[107.760347,-6.966142],[107.760067,-6.966131],[107.759457,-6.965903],[107.759485,-6.965769],[107.759065,-6.965614],[107.758964,-6.965719],[107.757206,-6.965036],[107.757223,-6.964936],[107.757318,-6.964586],[107.756081,-6.964086],[107.75612,-6.963991]]]}},{\"type\":\"Feature\",\"properties\":{},\"geometry\":{\"type\":\"Point\",\"coordinates\":[107.757624,-6.96442]}}]}'),
(23, 8, 1, 1, 0, 'RL282001002', 'Jalan Bojong Jati ', -6.959931, 107.762016, '21258.15 m²', '{\"type\":\"FeatureCollection\",\"features\":[{\"type\":\"Feature\",\"properties\":{},\"geometry\":{\"type\":\"Polygon\",\"coordinates\":[[[107.761768,-6.959181],[107.762703,-6.959253],[107.762367,-6.960765],[107.760805,-6.960403],[107.760912,-6.959942],[107.761444,-6.960114],[107.761768,-6.959181]]]}},{\"type\":\"Feature\",\"properties\":{},\"geometry\":{\"type\":\"Point\",\"coordinates\":[107.762016,-6.959931]}}]}'),
(24, 9, 1, 1, 0, 'RL282001003', 'Jalan Buah Dua', -6.957014, 107.757195, '4835.01 m²', '{\"type\":\"FeatureCollection\",\"features\":[{\"type\":\"Feature\",\"properties\":{},\"geometry\":{\"type\":\"Polygon\",\"coordinates\":[[[107.75684,-6.957256],[107.757042,-6.956478],[107.757579,-6.95664],[107.757484,-6.957173],[107.75684,-6.957256]]]}},{\"type\":\"Feature\",\"properties\":{},\"geometry\":{\"type\":\"Point\",\"coordinates\":[107.757197,-6.957014]}}]}'),
(25, 10, 4, 1, 0, 'RL282004004', ' Jalan Walini,  Babakan Asta', -6.962964, 107.764931, '14985.87 m²', '{\"type\":\"FeatureCollection\",\"features\":[{\"type\":\"Feature\",\"properties\":{},\"geometry\":{\"type\":\"Polygon\",\"coordinates\":[[[107.764382,-6.962296],[107.765625,-6.962718],[107.765373,-6.963607],[107.764925,-6.963718],[107.764673,-6.963641],[107.764858,-6.963241],[107.76413,-6.963007],[107.764382,-6.962296]]]}},{\"type\":\"Feature\",\"properties\":{},\"geometry\":{\"type\":\"Point\",\"coordinates\":[107.764928,-6.962964]}}]}'),
(26, 11, 4, 1, 0, 'RL282004005', 'Jalan Walini', -6.968019, 107.761681, '5850.00 m²', '{\"type\":\"FeatureCollection\",\"features\":[{\"type\":\"Feature\",\"properties\":{},\"geometry\":{\"type\":\"Polygon\",\"coordinates\":[[[107.762333,-6.968315],[107.761784,-6.96816],[107.761711,-6.968327],[107.761319,-6.968232],[107.761599,-6.967393],[107.762019,-6.967554],[107.761879,-6.967971],[107.762383,-6.968165],[107.762333,-6.968315]]]}},{\"type\":\"Feature\",\"properties\":{},\"geometry\":{\"type\":\"Point\",\"coordinates\":[107.76168,-6.968019]}}]}'),
(33, 12, 4, 1, 0, 'RL282004006', 'Jalan Rancakihiang, Dangdeur', -6.963835, 107.767036, '32259.38 m²', '{\"type\":\"FeatureCollection\",\"features\":[{\"type\":\"Feature\",\"properties\":{},\"geometry\":{\"type\":\"Polygon\",\"coordinates\":[[[107.767096,-6.962572],[107.767409,-6.962686],[107.767528,-6.962745],[107.767369,-6.963501],[107.767887,-6.963546],[107.767817,-6.963813],[107.768091,-6.963837],[107.768036,-6.964168],[107.767733,-6.964109],[107.767728,-6.964391],[107.767777,-6.96445],[107.767733,-6.964638],[107.76713,-6.964475],[107.767081,-6.964598],[107.766986,-6.964623],[107.766857,-6.965072],[107.766658,-6.965028],[107.766145,-6.964781],[107.766155,-6.964573],[107.766558,-6.963155],[107.767096,-6.962572]]]}},{\"type\":\"Feature\",\"properties\":{},\"geometry\":{\"type\":\"Point\",\"coordinates\":[107.767039,-6.963835]}}]}'),
(34, 13, 4, 1, 0, 'RL282004007', ' Jalan Rancakihiang , Dangdeur', -6.961071, 107.767960, '21472.57 m²', '{\"type\":\"FeatureCollection\",\"features\":[{\"type\":\"Feature\",\"properties\":{},\"geometry\":{\"type\":\"Polygon\",\"coordinates\":[[[107.767124,-6.962517],[107.767641,-6.962709],[107.768174,-6.961449],[107.768582,-6.961583],[107.768801,-6.961103],[107.769119,-6.961192],[107.769234,-6.960975],[107.767816,-6.960525],[107.767124,-6.962517]]]}},{\"type\":\"Feature\",\"properties\":{},\"geometry\":{\"type\":\"Point\",\"coordinates\":[107.76796,-6.961071]}}]}'),
(35, 14, 4, 1, 0, 'RL282004008', 'Jalan Rancakihiang, Dangdeur', -6.961370, 107.769897, '12271.63 m²', '{\"type\":\"FeatureCollection\",\"features\":[{\"type\":\"Feature\",\"properties\":{},\"geometry\":{\"type\":\"Polygon\",\"coordinates\":[[[107.76923,-6.961217],[107.76933,-6.96098],[107.769708,-6.961168],[107.770255,-6.960101],[107.770325,-6.960066],[107.770688,-6.960274],[107.770265,-6.961247],[107.77028,-6.961301],[107.770031,-6.961884],[107.769718,-6.961771],[107.769792,-6.961558],[107.76923,-6.961217]]]}},{\"type\":\"Feature\",\"properties\":{},\"geometry\":{\"type\":\"Point\",\"coordinates\":[107.769898,-6.96137]}}]}'),
(36, 15, 4, 1, 0, 'RL282004009', 'Jalan Rancakihiang, Dangdeur', -6.962599, 107.769409, '33541.80 m²', '{\"type\":\"FeatureCollection\",\"features\":[{\"type\":\"Feature\",\"properties\":{},\"geometry\":{\"type\":\"Polygon\",\"coordinates\":[[[107.768443,-6.963009],[107.769851,-6.963651],[107.769941,-6.963488],[107.770319,-6.963651],[107.770812,-6.962421],[107.770399,-6.962228],[107.770369,-6.962307],[107.768971,-6.961759],[107.768443,-6.963009]]]}},{\"type\":\"Feature\",\"properties\":{},\"geometry\":{\"type\":\"Point\",\"coordinates\":[107.769411,-6.962599]}}]}'),
(37, 16, 4, 1, 0, 'RL282004010', 'Jalan Rancakihiang, Dangdeur', -6.963735, 107.769005, '17665.59 m²', '{\"type\":\"FeatureCollection\",\"features\":[{\"type\":\"Feature\",\"properties\":{},\"geometry\":{\"type\":\"Polygon\",\"coordinates\":[[[107.768253,-6.963569],[107.76891,-6.964053],[107.769671,-6.964522],[107.770273,-6.964888],[107.770492,-6.964493],[107.770592,-6.964226],[107.76994,-6.96387],[107.769855,-6.963969],[107.769611,-6.96386],[107.769551,-6.963885],[107.769328,-6.963747],[107.769342,-6.963593],[107.768387,-6.963144],[107.768253,-6.963569]]]}},{\"type\":\"Feature\",\"properties\":{},\"geometry\":{\"type\":\"Point\",\"coordinates\":[107.769005,-6.963735]}}]}'),
(38, 17, 4, 1, 0, 'RL282004011', 'Jalan Rancakihiang, Dangdeur', -6.966405, 107.770325, '66539.42 m²', '{\"type\":\"FeatureCollection\",\"features\":[{\"type\":\"Feature\",\"properties\":{},\"geometry\":{\"type\":\"Polygon\",\"coordinates\":[[[107.768894,-6.967315],[107.768729,-6.967725],[107.769366,-6.967922],[107.769421,-6.967789],[107.769824,-6.968011],[107.770163,-6.967221],[107.770561,-6.967374],[107.771128,-6.966139],[107.77064,-6.965951],[107.770715,-6.965778],[107.770526,-6.965694],[107.770551,-6.965625],[107.770476,-6.9656],[107.77065,-6.965294],[107.770202,-6.965047],[107.770262,-6.964993],[107.770287,-6.964874],[107.768545,-6.963807],[107.768257,-6.963624],[107.768122,-6.964182],[107.768292,-6.964375],[107.768729,-6.964627],[107.76866,-6.964751],[107.768809,-6.964854],[107.768705,-6.964978],[107.768724,-6.965437],[107.768789,-6.965635],[107.768909,-6.965684],[107.768879,-6.965828],[107.768928,-6.965971],[107.769441,-6.966149],[107.769307,-6.966435],[107.769779,-6.966603],[107.769496,-6.967517],[107.768894,-6.967315]]]}},{\"type\":\"Feature\",\"properties\":{},\"geometry\":{\"type\":\"Point\",\"coordinates\":[107.770322,-6.966405]}}]}'),
(39, 18, 4, 1, 0, 'RL282004012', ' Jalan Kaktus Raya', -6.977292, 107.760628, '1911.19 m²', '{\"type\":\"FeatureCollection\",\"features\":[{\"type\":\"Feature\",\"properties\":{},\"geometry\":{\"type\":\"Polygon\",\"coordinates\":[[[107.760377,-6.977382],[107.760894,-6.977505],[107.760984,-6.977223],[107.760446,-6.97711],[107.760377,-6.977382]]]}},{\"type\":\"Feature\",\"properties\":{},\"geometry\":{\"type\":\"Point\",\"coordinates\":[107.760631,-6.977292]}}]}'),
(40, 19, 15, 1, 0, 'RL282014013', ' Jalan Nusa Indah Raya', -6.972229, 107.758774, '1114259.86 m²', '{\"type\":\"FeatureCollection\",\"features\":[{\"type\":\"Feature\",\"properties\":{},\"geometry\":{\"type\":\"Polygon\",\"coordinates\":[[[107.751919,-6.978533],[107.751153,-6.978365],[107.750829,-6.979324],[107.752108,-6.979744],[107.752044,-6.979966],[107.752646,-6.980124],[107.7527,-6.979991],[107.753322,-6.980208],[107.753362,-6.98007],[107.753915,-6.980242],[107.754153,-6.979521],[107.754716,-6.979694],[107.75495,-6.978657],[107.755417,-6.978805],[107.755338,-6.979348],[107.755467,-6.979398],[107.755044,-6.980558],[107.754681,-6.981739],[107.754681,-6.981739],[107.755332,-6.981942],[107.75576,-6.980593],[107.75594,-6.980702],[107.756124,-6.980183],[107.755895,-6.980109],[107.756283,-6.978656],[107.75687,-6.978844],[107.756701,-6.979323],[107.759348,-6.979664],[107.759763,-6.979793],[107.760061,-6.978484],[107.760544,-6.976132],[107.760544,-6.976132],[107.760922,-6.974467],[107.761141,-6.97377],[107.761504,-6.972259],[107.761678,-6.971577],[107.761892,-6.970268],[107.761892,-6.970268],[107.760275,-6.969966],[107.760738,-6.968094],[107.761076,-6.966819],[107.760136,-6.966513],[107.756996,-6.965367],[107.756931,-6.965609],[107.756175,-6.965312],[107.756055,-6.965589],[107.754473,-6.964971],[107.754229,-6.965836],[107.75408,-6.966646],[107.753632,-6.966562],[107.753582,-6.967086],[107.754851,-6.967204],[107.754876,-6.967022],[107.755538,-6.96712],[107.755359,-6.968697],[107.754821,-6.968687],[107.754577,-6.968672],[107.754572,-6.968889],[107.754572,-6.969112],[107.754801,-6.969176],[107.754737,-6.969606],[107.756319,-6.970599],[107.757558,-6.969685],[107.757702,-6.969991],[107.756871,-6.970589],[107.756573,-6.972931],[107.756573,-6.972931],[107.7571,-6.973504],[107.756827,-6.973706],[107.756329,-6.973148],[107.755587,-6.973706],[107.755284,-6.973691],[107.753298,-6.975095],[107.75307,-6.976172],[107.753035,-6.97627],[107.752507,-6.976162],[107.752348,-6.976675],[107.752119,-6.977777],[107.752373,-6.977812],[107.752204,-6.978321],[107.751919,-6.978533]]]}},{\"type\":\"Feature\",\"properties\":{},\"geometry\":{\"type\":\"Point\",\"coordinates\":[107.758775,-6.972229]}}]}'),
(41, 20, 4, 1, 0, 'RL282004014', ' Jalan Raya Majalaya - Rancaekek Km 4', -6.987775, 107.751450, '332379.95 m²', '{\"type\":\"FeatureCollection\",\"features\":[{\"type\":\"Feature\",\"properties\":{},\"geometry\":{\"type\":\"Polygon\",\"coordinates\":[[[107.749594,-6.983463],[107.749893,-6.983582],[107.750211,-6.983503],[107.750818,-6.98372],[107.750818,-6.983918],[107.752819,-6.984461],[107.752918,-6.984303],[107.753366,-6.984432],[107.753655,-6.9846],[107.753436,-6.985252],[107.753087,-6.985133],[107.75263,-6.986339],[107.752898,-6.986418],[107.752789,-6.986704],[107.75253,-6.986635],[107.752222,-6.987811],[107.75264,-6.98785],[107.75252,-6.988512],[107.752381,-6.988512],[107.752351,-6.98873],[107.752102,-6.988769],[107.752032,-6.989461],[107.75258,-6.98952],[107.752351,-6.99119],[107.751774,-6.99116],[107.751804,-6.990933],[107.751256,-6.990844],[107.751316,-6.990429],[107.750759,-6.99038],[107.750619,-6.991042],[107.750151,-6.991022],[107.749883,-6.990864],[107.749753,-6.990518],[107.749365,-6.990607],[107.748121,-6.99036],[107.748111,-6.989481],[107.749594,-6.983463]]]}},{\"type\":\"Feature\",\"properties\":{},\"geometry\":{\"type\":\"Point\",\"coordinates\":[107.751446,-6.987775]}}]}'),
(42, 21, 4, 1, 0, 'RL282004015', 'Jalan Raya Majalaya - Rancaekek', -6.994107, 107.745590, '81045.28 m²', '{\"type\":\"FeatureCollection\",\"features\":[{\"type\":\"Feature\",\"properties\":{},\"geometry\":{\"type\":\"Polygon\",\"coordinates\":[[[107.747765,-6.994647],[107.74777,-6.994183],[107.747043,-6.994148],[107.747038,-6.993955],[107.746934,-6.993955],[107.746924,-6.993871],[107.746695,-6.993862],[107.74669,-6.993536],[107.747133,-6.993511],[107.747163,-6.993046],[107.747466,-6.993042],[107.747476,-6.992543],[107.746944,-6.992562],[107.746755,-6.992444],[107.746755,-6.992444],[107.746391,-6.992429],[107.746396,-6.992251],[107.745501,-6.992236],[107.745501,-6.992755],[107.745202,-6.99278],[107.745197,-6.993224],[107.744918,-6.993229],[107.745038,-6.995685],[107.745038,-6.995685],[107.745038,-6.995966],[107.745516,-6.995971],[107.746237,-6.996011],[107.746148,-6.994756],[107.747078,-6.994741],[107.747073,-6.994593],[107.747765,-6.994647]]]}},{\"type\":\"Feature\",\"properties\":{},\"geometry\":{\"type\":\"Point\",\"coordinates\":[107.745589,-6.994107]}}]}'),
(43, 22, 5, 1, 0, 'RL282005016', ' Jalan Lembang Badak', -6.972385, 107.768013, '14397.89 m²', '{\"type\":\"FeatureCollection\",\"features\":[{\"type\":\"Feature\",\"properties\":{},\"geometry\":{\"type\":\"Polygon\",\"coordinates\":[[[107.767208,-6.972228],[107.767148,-6.972431],[107.7677,-6.972559],[107.767581,-6.972915],[107.768248,-6.973034],[107.768337,-6.972569],[107.76883,-6.972648],[107.768899,-6.972056],[107.767844,-6.971853],[107.76779,-6.972075],[107.767511,-6.97206],[107.767461,-6.972278],[107.767208,-6.972228]]]}},{\"type\":\"Feature\",\"properties\":{},\"geometry\":{\"type\":\"Point\",\"coordinates\":[107.768011,-6.972385]}}]}'),
(44, 23, 5, 1, 0, 'RL282005017', 'Jalan Lembang Badak', -6.977229, 107.766998, '50607.94 m²', '{\"type\":\"FeatureCollection\",\"features\":[{\"type\":\"Feature\",\"properties\":{},\"geometry\":{\"type\":\"Polygon\",\"coordinates\":[[[107.766603,-6.976006],[107.767299,-6.97611],[107.76723,-6.976446],[107.768548,-6.976554],[107.769618,-6.976856],[107.769588,-6.977038],[107.768513,-6.976722],[107.767752,-6.976663],[107.767508,-6.977661],[107.76822,-6.977794],[107.768085,-6.978264],[107.767269,-6.978056],[107.767215,-6.978288],[107.767364,-6.978367],[107.767249,-6.978822],[107.766598,-6.978654],[107.766443,-6.979311],[107.765826,-6.979143],[107.766155,-6.977933],[107.766712,-6.978096],[107.766827,-6.977592],[107.766299,-6.977458],[107.766374,-6.977088],[107.765806,-6.976969],[107.765906,-6.976564],[107.766448,-6.976698],[107.766603,-6.976006]]]}},{\"type\":\"Feature\",\"properties\":{},\"geometry\":{\"type\":\"Point\",\"coordinates\":[107.766996,-6.977229]}}]}'),
(45, 24, 5, 1, 0, 'RL282005018', 'Jalan Al-Ikhlas Raya', -6.976000, 107.773003, '350011.85 m²', '{\"type\":\"FeatureCollection\",\"features\":[{\"type\":\"Feature\",\"properties\":{},\"geometry\":{\"type\":\"Polygon\",\"coordinates\":[[[107.769839,-6.976328],[107.770302,-6.973823],[107.77183,-6.973018],[107.775666,-6.973611],[107.775741,-6.973186],[107.776468,-6.973285],[107.776139,-6.976511],[107.775905,-6.978008],[107.775905,-6.978008],[107.775846,-6.978408],[107.774716,-6.978364],[107.774716,-6.978255],[107.774631,-6.978245],[107.774626,-6.978166],[107.772954,-6.977889],[107.772895,-6.977993],[107.772203,-6.977894],[107.772108,-6.978408],[107.771347,-6.978329],[107.771422,-6.977934],[107.771098,-6.977875],[107.771163,-6.977356],[107.770068,-6.977173],[107.770212,-6.976432],[107.769839,-6.976328]]]}},{\"type\":\"Feature\",\"properties\":{},\"geometry\":{\"type\":\"Point\",\"coordinates\":[107.773,-6.976]}}]}'),
(46, 25, 5, 1, 0, 'RL282005019', 'Jalan Rancakendal', -6.966318, 107.771873, '186965.52 m²', '{\"type\":\"FeatureCollection\",\"features\":[{\"type\":\"Feature\",\"properties\":{},\"geometry\":{\"type\":\"Polygon\",\"coordinates\":[[[107.77146,-6.965538],[107.772241,-6.965869],[107.772171,-6.966047],[107.772221,-6.966111],[107.772629,-6.966299],[107.772953,-6.966462],[107.772933,-6.9666],[107.773072,-6.966674],[107.772973,-6.96705],[107.773585,-6.967322],[107.773719,-6.966971],[107.773391,-6.966813],[107.773465,-6.966645],[107.773261,-6.966551],[107.773406,-6.966274],[107.773555,-6.966309],[107.773709,-6.965983],[107.773918,-6.966324],[107.774207,-6.965918],[107.774336,-6.966012],[107.774212,-6.966195],[107.774356,-6.966269],[107.774252,-6.966477],[107.77467,-6.966778],[107.774645,-6.966995],[107.77462,-6.967252],[107.774759,-6.967821],[107.775137,-6.968517],[107.775321,-6.96873],[107.775262,-6.968863],[107.775262,-6.968868],[107.775287,-6.96915],[107.775237,-6.969347],[107.77571,-6.969594],[107.775371,-6.969861],[107.775122,-6.969688],[107.775063,-6.969896],[107.774839,-6.969915],[107.774809,-6.970153],[107.774182,-6.970424],[107.773774,-6.970563],[107.773639,-6.970568],[107.773555,-6.970345],[107.77359,-6.970153],[107.77342,-6.970103],[107.77355,-6.969713],[107.773386,-6.969673],[107.773336,-6.969752],[107.773187,-6.969733],[107.773177,-6.969915],[107.773007,-6.970207],[107.772828,-6.970182],[107.772654,-6.970518],[107.772843,-6.970735],[107.772749,-6.970879],[107.770893,-6.970182],[107.771241,-6.969411],[107.771505,-6.968735],[107.771087,-6.968542],[107.771395,-6.967954],[107.771146,-6.967855],[107.771296,-6.96746],[107.771928,-6.967722],[107.772017,-6.967504],[107.77141,-6.967262],[107.771574,-6.966867],[107.770972,-6.966625],[107.77146,-6.965538]]]}},{\"type\":\"Feature\",\"properties\":{},\"geometry\":{\"type\":\"Point\",\"coordinates\":[107.772305,-6.969237]}}]}'),
(47, 26, 5, 1, 0, 'RL282005020', 'Jalan Rancakendal Dua', -6.971121, 107.775398, '26815.86 m²', '{\"type\":\"FeatureCollection\",\"features\":[{\"type\":\"Feature\",\"properties\":{},\"geometry\":{\"type\":\"Polygon\",\"coordinates\":[[[107.775433,-6.970202],[107.775607,-6.970202],[107.775542,-6.970568],[107.77594,-6.970572],[107.775935,-6.970656],[107.776194,-6.970652],[107.776045,-6.971729],[107.776537,-6.971882],[107.776493,-6.972208],[107.773999,-6.971314],[107.773994,-6.971032],[107.774696,-6.971141],[107.774661,-6.970647],[107.775408,-6.970563],[107.775433,-6.970202]]]}},{\"type\":\"Feature\",\"properties\":{},\"geometry\":{\"type\":\"Point\",\"coordinates\":[107.7754,-6.971121]}}]}'),
(48, 27, 5, 1, 0, 'RL282005021', 'Jalan Rancakendal Dua', -6.971094, 107.777168, '12804.41 m²', '{\"type\":\"FeatureCollection\",\"features\":[{\"type\":\"Feature\",\"properties\":{},\"geometry\":{\"type\":\"Polygon\",\"coordinates\":[[[107.777245,-6.970278],[107.777568,-6.970318],[107.777548,-6.971301],[107.777672,-6.971301],[107.777623,-6.971706],[107.777031,-6.971672],[107.777045,-6.971484],[107.776538,-6.971454],[107.776563,-6.971183],[107.776543,-6.971084],[107.776573,-6.970763],[107.777036,-6.970797],[107.77707,-6.9706],[107.777175,-6.970614],[107.777185,-6.970461],[107.777245,-6.970278]]]}},{\"type\":\"Feature\",\"properties\":{},\"geometry\":{\"type\":\"Point\",\"coordinates\":[107.777166,-6.971094]}}]}'),
(49, 28, 5, 1, 0, 'RL282005022', 'Jalan Rancamanu', -6.969788, 107.780426, '11952.64 m²', '{\"type\":\"FeatureCollection\",\"features\":[{\"type\":\"Feature\",\"properties\":{},\"geometry\":{\"type\":\"Polygon\",\"coordinates\":[[[107.77845,-6.970267],[107.778609,-6.969694],[107.778963,-6.969837],[107.778798,-6.970281],[107.779172,-6.970296],[107.779227,-6.970114],[107.779341,-6.970104],[107.779366,-6.969812],[107.779486,-6.969422],[107.78099,-6.969699],[107.78092,-6.969901],[107.780746,-6.97],[107.780477,-6.97002],[107.779914,-6.969931],[107.779864,-6.969995],[107.779685,-6.969995],[107.77962,-6.970311],[107.779247,-6.970277],[107.77845,-6.970267]]]}},{\"type\":\"Feature\",\"properties\":{},\"geometry\":{\"type\":\"Point\",\"coordinates\":[107.780426,-6.969788]}}]}'),
(50, 29, 5, 1, 0, 'RL282005023', 'Jalan Cipasir Tengah', -6.964989, 107.777519, '32665.69 m²', '{\"type\":\"FeatureCollection\",\"features\":[{\"type\":\"Feature\",\"properties\":{},\"geometry\":{\"type\":\"Polygon\",\"coordinates\":[[[107.777941,-6.966106],[107.778255,-6.966205],[107.778424,-6.965661],[107.778742,-6.964836],[107.777394,-6.964426],[107.77706,-6.964297],[107.777294,-6.963576],[107.776946,-6.963359],[107.776692,-6.964268],[107.776418,-6.965216],[107.776757,-6.96532],[107.776792,-6.965241],[107.778016,-6.965839],[107.777941,-6.966106]]]}},{\"type\":\"Feature\",\"properties\":{},\"geometry\":{\"type\":\"Point\",\"coordinates\":[107.77752,-6.964989]}}]}'),
(51, 30, 5, 1, 0, 'RL282005024', 'Jalan Cipasir Tengah', -6.964241, 107.778267, '24045.93 m²', '{\"type\":\"FeatureCollection\",\"features\":[{\"type\":\"Feature\",\"properties\":{},\"geometry\":{\"type\":\"Polygon\",\"coordinates\":[[[107.776967,-6.963349],[107.777221,-6.962702],[107.777639,-6.96289],[107.778017,-6.963335],[107.777932,-6.963458],[107.778171,-6.963646],[107.778077,-6.963858],[107.778977,-6.964199],[107.778739,-6.964817],[107.777077,-6.964283],[107.77732,-6.963562],[107.776967,-6.963349]]]}},{\"type\":\"Feature\",\"properties\":{},\"geometry\":{\"type\":\"Point\",\"coordinates\":[107.778269,-6.964241]}}]}'),
(52, 31, 5, 1, 0, 'RL282005025', 'Jalan Jelegong', -6.965939, 107.779617, '82220.00 m²', '{\"type\":\"FeatureCollection\",\"features\":[{\"type\":\"Feature\",\"properties\":{},\"geometry\":{\"type\":\"Polygon\",\"coordinates\":[[[107.779097,-6.964207],[107.779043,-6.964365],[107.779281,-6.964394],[107.779227,-6.964617],[107.779819,-6.964804],[107.779714,-6.965051],[107.779844,-6.965353],[107.779709,-6.965298],[107.77968,-6.965437],[107.77957,-6.965427],[107.779411,-6.965269],[107.779416,-6.965126],[107.779067,-6.964987],[107.778883,-6.965649],[107.779058,-6.965753],[107.778993,-6.966],[107.778744,-6.965946],[107.77858,-6.96643],[107.779401,-6.966731],[107.779456,-6.967438],[107.77959,-6.967458],[107.77963,-6.967621],[107.77963,-6.967907],[107.779356,-6.968446],[107.779137,-6.968416],[107.778903,-6.968851],[107.778361,-6.968871],[107.777769,-6.96892],[107.777585,-6.969009],[107.77756,-6.969142],[107.777137,-6.969108],[107.777027,-6.969725],[107.777674,-6.969814],[107.777799,-6.969122],[107.778316,-6.969132],[107.778286,-6.96934],[107.778704,-6.969374],[107.7786,-6.969691],[107.779003,-6.969824],[107.779187,-6.969374],[107.779376,-6.969404],[107.779505,-6.96894],[107.779645,-6.968964],[107.780013,-6.967991],[107.779779,-6.967863],[107.779849,-6.967625],[107.780267,-6.967853],[107.781177,-6.968159],[107.781292,-6.9677],[107.7806,-6.967596],[107.78061,-6.967166],[107.780486,-6.967092],[107.780476,-6.966894],[107.780326,-6.966855],[107.780381,-6.966613],[107.780511,-6.966543],[107.78059,-6.966035],[107.78057,-6.965783],[107.780526,-6.965106],[107.780799,-6.965116],[107.780834,-6.964696],[107.77955,-6.964404],[107.779097,-6.964207]]]}},{\"type\":\"Feature\",\"properties\":{},\"geometry\":{\"type\":\"Point\",\"coordinates\":[107.779614,-6.965939]}}]}'),
(53, 32, 5, 1, 0, 'RL282005026', 'Jalan Cipasir Tengah', -6.959594, 107.778679, '8087.03 m²', '{\"type\":\"FeatureCollection\",\"features\":[{\"type\":\"Feature\",\"properties\":{},\"geometry\":{\"type\":\"Polygon\",\"coordinates\":[[[107.779294,-6.959773],[107.779344,-6.959566],[107.779175,-6.959492],[107.779199,-6.959417],[107.778936,-6.959338],[107.778906,-6.959378],[107.778627,-6.959254],[107.778642,-6.959131],[107.778478,-6.959052],[107.778368,-6.959156],[107.778334,-6.959353],[107.778209,-6.959467],[107.778224,-6.959615],[107.778264,-6.959763],[107.778239,-6.959907],[107.778617,-6.960035],[107.778692,-6.96003],[107.778732,-6.959912],[107.778916,-6.959941],[107.779035,-6.959951],[107.779125,-6.959734],[107.779294,-6.959773]]]}},{\"type\":\"Feature\",\"properties\":{},\"geometry\":{\"type\":\"Point\",\"coordinates\":[107.778679,-6.959594]}}]}'),
(54, 33, 5, 1, 0, 'RL282005027', ' Jalan Raya Nagreg - Rancaekek', -6.960235, 107.777107, '196935.16 m²', '{\"type\":\"FeatureCollection\",\"features\":[{\"type\":\"Feature\",\"properties\":{},\"geometry\":{\"type\":\"Polygon\",\"coordinates\":[[[107.777204,-6.956994],[107.778618,-6.957458],[107.778473,-6.958367],[107.777777,-6.958204],[107.777672,-6.958688],[107.777787,-6.958733],[107.777831,-6.958555],[107.77809,-6.958604],[107.77802,-6.958921],[107.778329,-6.958995],[107.778215,-6.959281],[107.77821,-6.959568],[107.77819,-6.959662],[107.778249,-6.95978],[107.778175,-6.959968],[107.777607,-6.961495],[107.777194,-6.961401],[107.77703,-6.961282],[107.776931,-6.961549],[107.77696,-6.961594],[107.776901,-6.961727],[107.776717,-6.961682],[107.776657,-6.961929],[107.776776,-6.961984],[107.776647,-6.962369],[107.776692,-6.962453],[107.77704,-6.962611],[107.77716,-6.96269],[107.776677,-6.964153],[107.776612,-6.964499],[107.776488,-6.964844],[107.776398,-6.965185],[107.776751,-6.965339],[107.776806,-6.965294],[107.777966,-6.965877],[107.777916,-6.966109],[107.778195,-6.966223],[107.7781,-6.966534],[107.777891,-6.96648],[107.777856,-6.966519],[107.777617,-6.966445],[107.777637,-6.966376],[107.777309,-6.966218],[107.777244,-6.966327],[107.776936,-6.966213],[107.776846,-6.966425],[107.776557,-6.966257],[107.776518,-6.966341],[107.775786,-6.966094],[107.775418,-6.966001],[107.775254,-6.96646],[107.774975,-6.966416],[107.77492,-6.96646],[107.774696,-6.966341],[107.774875,-6.965941],[107.774776,-6.965862],[107.77494,-6.965566],[107.774622,-6.965388],[107.77489,-6.964825],[107.775303,-6.965042],[107.775473,-6.964617],[107.774895,-6.964306],[107.775288,-6.963501],[107.77492,-6.963298],[107.775234,-6.962646],[107.775537,-6.962794],[107.775716,-6.962399],[107.775841,-6.962344],[107.776204,-6.962532],[107.776304,-6.96228],[107.775806,-6.962073],[107.775886,-6.961831],[107.775756,-6.961757],[107.775851,-6.96151],[107.774806,-6.961144],[107.774875,-6.960857],[107.775244,-6.960976],[107.775483,-6.960428],[107.775308,-6.960363],[107.775527,-6.959647],[107.775706,-6.959691],[107.775816,-6.959667],[107.775881,-6.959721],[107.776075,-6.959716],[107.77609,-6.960077],[107.776712,-6.959731],[107.776906,-6.959415],[107.777055,-6.95857],[107.776995,-6.957937],[107.777204,-6.956994]]]}},{\"type\":\"Feature\",\"properties\":{},\"geometry\":{\"type\":\"Point\",\"coordinates\":[107.777109,-6.960235]}}]}'),
(55, 34, 5, 1, 0, 'RL282005028', 'Jalan Talun', -6.958404, 107.773613, '6493.28 m²', '{\"type\":\"FeatureCollection\",\"features\":[{\"type\":\"Feature\",\"properties\":{},\"geometry\":{\"type\":\"Polygon\",\"coordinates\":[[[107.774274,-6.958672],[107.77409,-6.958608],[107.77405,-6.958667],[107.773786,-6.958583],[107.773757,-6.958608],[107.77298,-6.958396],[107.773159,-6.957921],[107.773473,-6.957946],[107.773971,-6.958084],[107.773886,-6.95843],[107.774294,-6.958583],[107.774274,-6.958672]]]}},{\"type\":\"Feature\",\"properties\":{},\"geometry\":{\"type\":\"Point\",\"coordinates\":[107.773612,-6.958404]}}]}'),
(56, 35, 5, 1, 0, 'RL282005029', 'Jalan Talun', -6.960524, 107.773422, '1580.48 m²', '{\"type\":\"FeatureCollection\",\"features\":[{\"type\":\"Feature\",\"properties\":{},\"geometry\":{\"type\":\"Polygon\",\"coordinates\":[[[107.773664,-6.960435],[107.773291,-6.960302],[107.773182,-6.960568],[107.773286,-6.960633],[107.773545,-6.960756],[107.773664,-6.960435]]]}},{\"type\":\"Feature\",\"properties\":{},\"geometry\":{\"type\":\"Point\",\"coordinates\":[107.773426,-6.960524]}}]}'),
(57, 36, 7, 1, 0, 'RL282007030', 'Jalan Haurpugur', -6.979392, 107.802887, '4912.05 m²', '{\"type\":\"FeatureCollection\",\"features\":[{\"type\":\"Feature\",\"properties\":{},\"geometry\":{\"type\":\"Polygon\",\"coordinates\":[[[107.802962,-6.979662],[107.80319,-6.97936],[107.802827,-6.979173],[107.802867,-6.979044],[107.803031,-6.979103],[107.803175,-6.978837],[107.802638,-6.978639],[107.802573,-6.978708],[107.802593,-6.978861],[107.802673,-6.97899],[107.802633,-6.979113],[107.802658,-6.979158],[107.802514,-6.979479],[107.802703,-6.979548],[107.802728,-6.979607],[107.802962,-6.979662]]]}},{\"type\":\"Feature\",\"properties\":{},\"geometry\":{\"type\":\"Point\",\"coordinates\":[107.802886,-6.979392]}}]}'),
(58, 40, 7, 1, 0, 'RL282007031', 'Jalan Haurpugur', -6.978491, 107.803131, '14940.16 m²', '{\"type\":\"FeatureCollection\",\"features\":[{\"type\":\"Feature\",\"properties\":{},\"geometry\":{\"type\":\"Polygon\",\"coordinates\":[[[107.803678,-6.978966],[107.803802,-6.978808],[107.803648,-6.978704],[107.803593,-6.978724],[107.803543,-6.978689],[107.803558,-6.978649],[107.803558,-6.978605],[107.803633,-6.978516],[107.803046,-6.978066],[107.802846,-6.977992],[107.802827,-6.978071],[107.802463,-6.977884],[107.802344,-6.978225],[107.802329,-6.978486],[107.8021,-6.978486],[107.802015,-6.978951],[107.801911,-6.979153],[107.802239,-6.979331],[107.802264,-6.979376],[107.802508,-6.979484],[107.802642,-6.979104],[107.802568,-6.979055],[107.802593,-6.978961],[107.802583,-6.978872],[107.802568,-6.978704],[107.802642,-6.978615],[107.80315,-6.978783],[107.80326,-6.978645],[107.803678,-6.978966]]]}},{\"type\":\"Feature\",\"properties\":{},\"geometry\":{\"type\":\"Point\",\"coordinates\":[107.80313,-6.978491]}}]}'),
(59, 41, 7, 1, 0, 'RL282007032', 'Jalan Cangkuang', -6.974405, 107.801651, '42513.52 m²', '{\"type\":\"FeatureCollection\",\"features\":[{\"type\":\"Feature\",\"properties\":{},\"geometry\":{\"type\":\"Polygon\",\"coordinates\":[[[107.802267,-6.974852],[107.802426,-6.974314],[107.802282,-6.974294],[107.802197,-6.974234],[107.802038,-6.974205],[107.801899,-6.974047],[107.801774,-6.973973],[107.80169,-6.973923],[107.801565,-6.973913],[107.801431,-6.973775],[107.801267,-6.973795],[107.801326,-6.974111],[107.801247,-6.974462],[107.800933,-6.974412],[107.800918,-6.974472],[107.79944,-6.974383],[107.799416,-6.974951],[107.799127,-6.974906],[107.799047,-6.975405],[107.799426,-6.975509],[107.799391,-6.975712],[107.799784,-6.97583],[107.799764,-6.975944],[107.800053,-6.976023],[107.800097,-6.975969],[107.800431,-6.976082],[107.800515,-6.975588],[107.801028,-6.975697],[107.801132,-6.975657],[107.801157,-6.975262],[107.801222,-6.975237],[107.801222,-6.974862],[107.801535,-6.974694],[107.802267,-6.974852]]]}},{\"type\":\"Feature\",\"properties\":{},\"geometry\":{\"type\":\"Point\",\"coordinates\":[107.801649,-6.974405]}}]}'),
(60, 42, 14, 1, 0, 'RL282013033', 'Jalan Cipanas', -6.973001, 107.804726, '29396.96 m²', '{\"type\":\"FeatureCollection\",\"features\":[{\"type\":\"Feature\",\"properties\":{},\"geometry\":{\"type\":\"Polygon\",\"coordinates\":[[[107.805239,-6.97307],[107.805269,-6.972788],[107.804776,-6.972784],[107.804732,-6.972413],[107.804557,-6.97226],[107.804498,-6.971751],[107.804433,-6.971721],[107.804219,-6.971756],[107.804279,-6.971296],[107.804184,-6.971262],[107.804025,-6.971212],[107.80411,-6.970901],[107.803731,-6.970802],[107.803602,-6.971069],[107.803677,-6.971178],[107.803627,-6.971474],[107.803731,-6.971519],[107.803697,-6.971805],[107.803547,-6.97179],[107.803507,-6.972156],[107.803358,-6.972151],[107.803343,-6.972378],[107.803493,-6.972393],[107.803468,-6.972566],[107.803502,-6.972828],[107.803771,-6.972833],[107.80398,-6.972784],[107.804239,-6.97267],[107.804334,-6.972729],[107.804334,-6.973085],[107.804383,-6.973268],[107.803746,-6.973317],[107.803766,-6.973673],[107.803876,-6.973707],[107.804154,-6.973633],[107.804408,-6.973589],[107.804587,-6.973436],[107.804916,-6.973357],[107.805015,-6.973248],[107.805239,-6.973228],[107.805239,-6.97307]]]}},{\"type\":\"Feature\",\"properties\":{},\"geometry\":{\"type\":\"Point\",\"coordinates\":[107.804722,-6.973001]}}]}'),
(61, 43, 14, 1, 0, 'RL282013034', 'Jalan Cipanas', -6.971822, 107.806946, '16618.66 m²', '{\"type\":\"FeatureCollection\",\"features\":[{\"type\":\"Feature\",\"properties\":{},\"geometry\":{\"type\":\"Polygon\",\"coordinates\":[[[107.806677,-6.971568],[107.806831,-6.971479],[107.8071,-6.971218],[107.807279,-6.971405],[107.807618,-6.971894],[107.807638,-6.972151],[107.807613,-6.972339],[107.807548,-6.972458],[107.80723,-6.972586],[107.807021,-6.972616],[107.806727,-6.972556],[107.806219,-6.972492],[107.806369,-6.971662],[107.806488,-6.971677],[107.806677,-6.971568]]]}},{\"type\":\"Feature\",\"properties\":{},\"geometry\":{\"type\":\"Point\",\"coordinates\":[107.806944,-6.971822]}}]}'),
(62, 44, 14, 1, 0, 'RL282013035', 'Jalan Griya Permata Raya', -6.969537, 107.811539, '62807.81 m²', '{\"type\":\"FeatureCollection\",\"features\":[{\"type\":\"Feature\",\"properties\":{},\"geometry\":{\"type\":\"Polygon\",\"coordinates\":[[[107.811952,-6.966791],[107.812321,-6.967057],[107.812395,-6.967206],[107.812435,-6.967374],[107.812405,-6.967596],[107.812345,-6.967793],[107.812316,-6.967858],[107.812415,-6.967917],[107.812221,-6.968302],[107.8124,-6.968456],[107.812331,-6.968688],[107.812958,-6.969088],[107.812848,-6.969305],[107.8125,-6.969582],[107.812331,-6.969701],[107.811962,-6.970106],[107.811554,-6.970476],[107.811285,-6.970684],[107.811256,-6.970911],[107.81131,-6.970965],[107.811236,-6.971094],[107.810733,-6.970842],[107.810634,-6.970955],[107.810012,-6.9706],[107.810464,-6.969839],[107.810211,-6.96974],[107.810191,-6.969626],[107.809927,-6.969439],[107.810046,-6.969216],[107.810026,-6.969093],[107.810066,-6.969058],[107.810166,-6.969029],[107.810639,-6.969419],[107.810718,-6.969429],[107.810997,-6.969147],[107.811191,-6.969276],[107.811614,-6.968559],[107.811703,-6.968401],[107.811534,-6.968302],[107.811654,-6.96805],[107.81141,-6.967917],[107.811529,-6.967655],[107.811664,-6.967705],[107.811718,-6.967418],[107.811634,-6.967359],[107.811599,-6.96722],[107.811684,-6.966998],[107.811952,-6.966791]]]}},{\"type\":\"Feature\",\"properties\":{},\"geometry\":{\"type\":\"Point\",\"coordinates\":[107.81154,-6.969537]}}]}');

-- --------------------------------------------------------

--
-- Table structure for table `m_perumahan`
--

CREATE TABLE `m_perumahan` (
  `id_perumahan` int(11) NOT NULL,
  `id_pengguna` int(11) NOT NULL,
  `kd_perumahan` varchar(12) NOT NULL,
  `nm_perumahan` varchar(225) NOT NULL,
  `type` varchar(225) NOT NULL,
  `developer` varchar(225) NOT NULL,
  `kontak` varchar(15) NOT NULL,
  `deskripsi` text NOT NULL,
  `gambar` varchar(30) NOT NULL
) ENGINE=InnoDB DEFAULT CHARSET=utf8mb4 COLLATE=utf8mb4_general_ci;

--
-- Dumping data for table `m_perumahan`
--

INSERT INTO `m_perumahan` (`id_perumahan`, `id_pengguna`, `kd_perumahan`, `nm_perumahan`, `type`, `developer`, `kontak`, `deskripsi`, `gambar`) VALUES
(6, 0, 'HA282001001', 'Griya Utama Rancaekek', 'Type Edelweis, 2 kamar tidur 1 kamar mandi', '-', '0812-2220-1076', 'Hunian berkualitas dengan harga terjangkau. Lokasi dekat dengan kota (via tol maupun kereta)', '44180723095246.png'),
(8, 0, 'HA282001002', 'Perumahan Empang Sari', 'Type 36', '-', '-', 'Perumahan dengan lingkungan yang nyaman dan asri di Rancaekek', '30180723104336.png'),
(9, 0, 'HA282001003', 'Rancaekek Permai', 'Rumah Dua Lantai (Two-Story Homes)', 'PT. Sentrad Naluri Kreasi', '022-2009036', 'Hunian yang nyaman dengan fasilitas memadai, memiliki rumah dengan konsep minimalis ', '53180723111530.png'),
(10, 0, 'HA282004004', 'Perumahan Rancaekek Mas', 'Rumah Cluster, type 36/60', 'Suryadi', '0895-3308-98409', 'Perumahan ini merupakan perumahan cluster yang harganya relatif murah di bandingkan dengan perumahan lainnya', '22180723110923.png'),
(11, 0, 'HA282004005', 'Perumahan Nilam Asri', 'Rumah Clutser', 'Totok Andianto Latif, ST', '-', 'Perumahan mewah, aman nyaman, dan asri', '24180723112651.png'),
(12, 0, 'HA282004006', 'Grand Zamzam Residence', 'Type 40/72 dan 60/72', 'PT. Woodlands Propertindo Group', '+62 813-1257-57', 'Perumahan dengan gaya arsitektur yang minimalis dengan lokasi strategis yang layak anda miliki untuk dijadikan hunian beserta fasilitasnya.', '10240723032659.png'),
(13, 0, 'HA282004007', 'Mutiara Venue Cluster Estate', 'Type 36/72 dan 45/84 ', 'PT. Graha Bina Sarana', '022-76391648', 'Area hunian yang asri dan nyaman yang terletak di Bandung Timur.', '23240723044037.png'),
(14, 0, 'HA282004008', 'Perumahan Pondok Asri Dangdeur', 'Type 36/84', 'Atang Sukanda, SH', '0821-2080-1911', 'Rumah Desain Minimalis 2 Kamar Tidur Bebas Banjir dekat Jalan Raya Rancaekek - Cileunyi Dangdeur.', '80240723053016.png'),
(15, 0, 'HA282004009', 'Kana Garden Residence', 'Type 45/90 dan 50/105', 'Edi Kusnadi', '081573200402', 'Rumah idaman penuh kenyaman ', '35240723053706.png'),
(16, 0, 'HA282004010', 'de Green Residence', 'Type 48', '-', '-', 'Komplek cluster one gate dengan area yang strategis', '28240723060406.png'),
(17, 0, 'HA282004011', 'Pesona Rancaekek Indah', 'Type 30/66', 'PT. Kreasi Pesona Mandiri', '(022) 7782749', 'Perumahan murah dengan kualitas tidak murahan yang memiliki subsidi dari pemerintah', '37240723065757.png'),
(18, 0, 'HA282004012', 'Cluster Puri Kencana Residence', 'Type 32/60, 35/64, dan 38/72', 'Pak Hadi', '081369032977', 'Hunian nyaman di Bandung, lokasi dekat dengan stasiun kereta api Rancaekek terletak di dalam perumahan kencana Rancaekek', '82240723063211.png'),
(19, 0, 'HA282014013', 'Perumahan Rancaekek Kencana', 'Type 30/60, 36/72, 39/72, 48/72, 69/72, dan 69/105', 'Perum Perumnas ', '-', ' Perumahan yang dibangun dengan konsep awal simpel minimalis ini ditujukan bagi masyarakat kelas menengah', '27240723064328.png'),
(20, 0, 'HA282004014', 'Grand Riscon Rancaekek', 'Type 36, 39, 48, 70, dan 90', 'PT. Riscon Victory', '085162522881', 'Perumahan yang dikembangkan oleh Riscon Group dengan konsep TOD house di Rancaekek, Bandung, Jawa Barat. Memiliki sebuah residensial. Selain karena lokasinya strategis, harga properti memiliki banyak peminat.', '3270723111906.png'),
(21, 0, 'HA282004015', 'Green Sukamanah Residence', 'Type 29/60', 'PT Pusaka Mas Persada', '085263220233', 'Perumahan ekonomis yang cukup baik untuk investasi jangka panjang', '79270723113236.png'),
(22, 0, 'HA282005016', 'Griya Pindad Asri', 'Type 28/60, 23/60, dan 36/60', 'PT. Asatu Realty Asri', '085728926797', 'Hunian ini menjadi salah satu hunian yang sangat cocok dihuni keluarga karena desainnya yang cantik dan minimalis. Griya Pindad Asri mempersembahkan hunian bergaya milenial dengan konsep rumah tumbuh dan memiliki view pegunungan. Sebagai penunjang keamanan dan kenyamanan, kawasan perumahan ini juga dilengkapi dengan beragam fasilitas.', '2270723114212.png'),
(23, 0, 'HA282005017', 'Puteraco Gading Timur', 'Tipe T 22', 'PT. Puteraco Indah', '0227316739', 'Komplek hunian yang strategis, dekat dengan sarana umum dan memiliki fasilitas yang lengkap, serta dengan konsep one gate system.', '24270723120207.png'),
(24, 0, 'HA282005018', 'Rancaekek Permai 2', 'Type 22/60, dan 30/60', 'PT. Sentrad Naluri Kreasi', '083110622291', 'Dipasarkan dengan skema penjualan bersubsidi, perumahan bergaya modern minimalis ini merupakan jawaban dari kebutuhan keluarga di wilayah Bandung Timur akan hunian idaman.', '63270723122032.png'),
(25, 0, 'HA282005019', 'Griya Ranca Indah', 'Type 22/60', 'PT. Kreasi Putra Citra Cendana', '-', 'Perumahan yang menawarkan berbagai jenis rumah yang dirancang dengan gaya arsitektur modern dan fungsional. ', '93270723124746.png'),
(26, 0, 'HA282005020', 'Linggar Jaya Baru Residence', 'Type 50/90, dan 45/72', 'PT. Budiman Sinar Baru', '02293366175', 'Perumahan di Bandung Timur ini mengusung konsep hunian asri dengan desain modern minimalis', '13270723125713.png'),
(27, 0, 'HA282005021', 'Grand Assalam', 'Type 30/60 dan 36/72', 'PT. Karya Addien Assalam', '0813-9411-6031', 'Hunian yang nyaman dengan view pegunungan yang memiliki sistem cluster', '95270723010240.png'),
(28, 0, 'HA282005022', 'Griya Langkah Waspada 6', '36/60 dan 42/72', 'PT. Langkah Waspada', '0227790904', 'Kompleks perumahan yang menawarkan hunian yang nyaman dan berkualitas bagi masyarakat yang mencari lingkungan yang tenang dan layak untuk tinggal.', '47270723011258.png'),
(29, 0, 'HA282005023', 'Matahari Cipasir Regency', 'Type 36 dan 45', 'PT. Mentari Agung Mandiri', '022-30039999', 'Perumahan gaya modern yang dipadukan dengan gaya minimalis, konsep Smart home yang bisa dikendalikan lewat gadget anda dan Hunian yang nyaman untuk masadepan keluarga anda.', '29270723012309.png'),
(30, 0, 'HA282005024', 'de Pillar Residence', 'Type 38/78 dan 48/91', 'PT. Tujuh Pilar Sarana', '-', 'Memiliki lokasi yang Strategis namun tetap dalam lingkungan yang Asri', '27270723014325.png'),
(31, 0, 'HA282005025', 'Perumahan Bumi Pesona Asri Rancaekek', 'Type 22/60, 29/60 dan 36', 'PT. Lasahil Griya Sejati', '02291667060', 'Perumahan dengan konsep yang indah dan lingkungan yang nyaman, yang dirancang untuk memberikan tempat tinggal yang ideal bagi masyarakat yang menginginkan suasana alam yang segar dan damai.', '42270723043605.png'),
(32, 0, 'HA282005026', 'Panorama AL-HAMIM', 'Type 36/72 dan 45/84', ' PT. Arya Lingga Manik', '022-7792861', 'Home sweet Home And dream living (pinggir kantor samsat Rancaekek)', '12270723044608.png'),
(33, 0, 'HA282005027', 'Permata Hijau Rancaekek', 'Type 30/60', 'Yan Property (YanPro)', '0813-1123-1437', 'Permata Hijau Rancaekek termasuk perumahan lama yang hadir dengan konsep ecoliving (menyatu dengan alam) dan berdesain modern dengan sentuhan klasik.', '56270723045247.png'),
(34, 0, 'HA282005028', 'Griya Suci Mutiara', 'Type 45/72', 'PT. Suci Mutiara Abadi', '0857-0313-6666', ' Rumah Baru dengan konsep cluster yang berlokasi di Rancaekek ini merupakan kawasan yang sangat prospek untuk kedepannya. Karena kawasan ini termasuk bebas banjir, air bagus dan sudah banyak penghuninya.', '19270723050918.png'),
(35, 0, 'HA282005029', 'Cluster Puri 8', 'Type 98/72', 'PT. Anugerah Cipta Asri', '-', 'Hunian ekslusif Cluster Puri 8 dengan akses yang strategis pinggir jalan', '20270723053319.png'),
(36, 0, 'HA282007030', 'Banyu Arum Residence', 'Type 36/72 dan 30/60', 'PT. Arum Jaya Properti', '089656037134', 'Perumahan Menengah ke Atas yang memiliki fasilitas yang lengkap', '83270723054728.png'),
(40, 0, 'HA282007031', 'Bumi Arum Regency', 'Type 36/72', 'PT. Arum Jaya Properti', '0838252919032', 'Aman - Nyaman - Dinamis', '21280723071102.png'),
(41, 0, 'HA282007032', 'Puteraco Gading Permai', 'Type 30/60', 'PT. Puteraco Indah', '02292436006', 'Perumahan subsidi (dan komersil) dengan ukuran rumah kelas menengah ke bawah.', '67280723073058.png'),
(42, 0, 'HA282013033', 'Pesona Hijau Residence', 'Type 30/60, 36/72, dan 45/90 ', 'PT. Griya Omega Estetika (OMEGA PROPERTY)', '02287836057', 'Perumahan yang menawarkan lingkungan yang hijau, sejuk, dan damai bagi para penghuninya.', '18280723073338.png'),
(43, 0, 'HA282013034', 'Bumi Nusa Indah', 'Type 30/60, 36/72, dan 45/90', 'Perum Perumnas', '0215705800', 'Perumahan ini menawarkan fasilitas yang lengkap untuk kenyamanan dan kebutuhan sehari-hari penghuninya.', '68280723073621.png'),
(44, 0, 'HA282013035', 'Griya Permata Raya', 'Type 36/72', 'PT. Metro Permata Raya', '081320002000', 'Perumahan yang didesain dengan perhatian terhadap detail dan menggunakan bahan-bahan berkualitas tinggi, menciptakan hunian yang estetis dan nyaman bagi penghuninya', '95280723081702.png');

-- --------------------------------------------------------

--
-- Table structure for table `m_risiko`
--

CREATE TABLE `m_risiko` (
  `id_risiko` int(11) NOT NULL,
  `id_perumahan` int(11) NOT NULL,
  `id_pengguna` int(11) NOT NULL,
  `risiko_banjir` varchar(225) NOT NULL,
  `risiko_banjirbandang` varchar(225) NOT NULL,
  `risiko_gempabumi` varchar(225) NOT NULL,
  `risiko_cuacaekstrim` varchar(225) NOT NULL,
  `risiko_kekeringan` varchar(225) NOT NULL
) ENGINE=InnoDB DEFAULT CHARSET=utf8mb4 COLLATE=utf8mb4_general_ci;

--
-- Dumping data for table `m_risiko`
--

INSERT INTO `m_risiko` (`id_risiko`, `id_perumahan`, `id_pengguna`, `risiko_banjir`, `risiko_banjirbandang`, `risiko_gempabumi`, `risiko_cuacaekstrim`, `risiko_kekeringan`) VALUES
(1, 6, 0, 'Tinggi', 'Rendah', 'Tinggi', 'Tinggi', 'Sedang'),
(2, 8, 0, 'Sedang', 'Rendah', 'Tinggi', 'Tinggi', 'Sedang'),
(3, 9, 0, 'Tinggi', 'Tinggi', 'Tinggi', 'Tinggi', 'Tinggi'),
(4, 10, 0, 'Rendah', 'Rendah', 'Tinggi', 'Tinggi', 'Sedang'),
(5, 11, 0, 'Tinggi', 'Rendah', 'Tinggi', 'Tinggi', 'Sedang'),
(6, 12, 0, 'Rendah', 'Rendah', 'Tinggi', 'Tinggi', 'Sedang'),
(7, 13, 0, 'Rendah', 'Rendah', 'Tinggi', 'Tinggi', 'Sedang'),
(8, 14, 0, 'Rendah', 'Rendah', 'Tinggi', 'Tinggi', 'Sedang'),
(9, 15, 0, 'Rendah', 'Rendah', 'Tinggi', 'Tinggi', 'Sedang'),
(11, 17, 0, 'Rendah', 'Rendah', 'Tinggi', 'Tinggi', 'Sedang'),
(12, 18, 0, 'Tinggi', 'Rendah', 'Tinggi', 'Tinggi', 'Sedang'),
(15, 19, 0, 'Tinggi', 'Sedang', 'Tinggi', 'Tinggi', 'Sedang'),
(16, 20, 0, 'Tinggi', 'Rendah', 'Tinggi', 'Tinggi', 'Sedang'),
(17, 21, 0, 'Tinggi', 'Tinggi', 'Tinggi', 'Tinggi', 'Sedang'),
(18, 22, 0, 'Sedang', 'Rendah', 'Tinggi', 'Tinggi', 'Sedang'),
(19, 23, 0, 'Tinggi', 'Rendah', 'Tinggi', 'Tinggi', 'Sedang'),
(20, 24, 0, 'Tinggi', 'Rendah', 'Tinggi', 'Tinggi', 'Sedang'),
(21, 25, 0, 'Sedang', 'Rendah', 'Tinggi', 'Tinggi', 'Sedang'),
(22, 26, 0, 'Sedang', 'Rendah', 'Tinggi', 'Tinggi', 'Sedang'),
(23, 27, 0, 'Sedang', 'Rendah', 'Tinggi', 'Tinggi', 'Sedang'),
(24, 28, 0, 'Sedang', 'Rendah', 'Tinggi', 'Tinggi', 'Sedang'),
(25, 29, 0, 'Rendah', 'Rendah', 'Tinggi', 'Tinggi', 'Sedang'),
(26, 30, 0, 'Rendah', 'Rendah', 'Tinggi', 'Tinggi', 'Sedang'),
(27, 31, 0, 'Aman', 'Aman', 'Tinggi', 'Tinggi', 'Sedang'),
(28, 32, 0, 'Aman', 'Aman', 'Tinggi', 'Tinggi', 'Sedang'),
(29, 33, 0, 'Aman', 'Aman', 'Tinggi', 'Tinggi', 'Sedang'),
(30, 34, 0, 'Aman', 'Aman', 'Tinggi', 'Tinggi', 'Sedang'),
(31, 35, 0, 'Aman', 'Aman', 'Tinggi', 'Tinggi', 'Sedang'),
(32, 36, 0, 'Tinggi', 'Aman', 'Tinggi', 'Tinggi', 'Sedang'),
(33, 41, 0, 'Aman', 'Sedang', 'Tinggi', 'Tinggi', 'Sedang'),
(34, 42, 0, 'Aman', 'Sedang', 'Tinggi', 'Tinggi', 'Sedang'),
(36, 16, 0, 'Aman', 'Aman', 'Tinggi', 'Tinggi', 'Sedang'),
(37, 40, 0, 'Sedang', 'Aman', 'Tinggi', 'Tinggi', 'Sedang'),
(38, 43, 0, 'Tinggi', 'Tinggi', 'Tinggi', 'Tinggi', 'Sedang'),
(39, 44, 0, 'Tinggi', 'Tinggi', 'Tinggi', 'Tinggi', 'Sedang');

-- --------------------------------------------------------

--
-- Table structure for table `pengguna`
--

CREATE TABLE `pengguna` (
  `id_pengguna` int(11) NOT NULL,
  `nm_pengguna` varchar(20) NOT NULL,
  `kt_sandi` varchar(150) NOT NULL,
  `level` enum('Petugas','Teknisi') NOT NULL DEFAULT 'Teknisi'
) ENGINE=InnoDB DEFAULT CHARSET=latin1 COLLATE=latin1_swedish_ci;

--
-- Dumping data for table `pengguna`
--

INSERT INTO `pengguna` (`id_pengguna`, `nm_pengguna`, `kt_sandi`, `level`) VALUES
(1, 'salwa', '$2y$10$m164O01EBgpszMD.pvOl2OMYOnrn5XW5.L1Ci4rdkdgCZYSnmf7wS', 'Petugas'),
(2, 'bayu', '$2y$10$IAGvo9.og.TMIoA99X7fhu5nt8exbzwTKqp/QWYdgvLTBeIAtPU/u', 'Teknisi');

--
-- Indexes for dumped tables
--

--
-- Indexes for table `m_desa`
--
ALTER TABLE `m_desa`
  ADD PRIMARY KEY (`id_desa`);

--
-- Indexes for table `m_kecamatan`
--
ALTER TABLE `m_kecamatan`
  ADD PRIMARY KEY (`id_kecamatan`);

--
-- Indexes for table `m_lokasi`
--
ALTER TABLE `m_lokasi`
  ADD PRIMARY KEY (`id_lokasi`);

--
-- Indexes for table `m_perumahan`
--
ALTER TABLE `m_perumahan`
  ADD PRIMARY KEY (`id_perumahan`);

--
-- Indexes for table `m_risiko`
--
ALTER TABLE `m_risiko`
  ADD PRIMARY KEY (`id_risiko`);

--
-- Indexes for table `pengguna`
--
ALTER TABLE `pengguna`
  ADD PRIMARY KEY (`id_pengguna`);

--
-- AUTO_INCREMENT for dumped tables
--

--
-- AUTO_INCREMENT for table `m_desa`
--
ALTER TABLE `m_desa`
  MODIFY `id_desa` int(11) NOT NULL AUTO_INCREMENT, AUTO_INCREMENT=16;

--
-- AUTO_INCREMENT for table `m_kecamatan`
--
ALTER TABLE `m_kecamatan`
  MODIFY `id_kecamatan` int(11) NOT NULL AUTO_INCREMENT, AUTO_INCREMENT=6;

--
-- AUTO_INCREMENT for table `m_lokasi`
--
ALTER TABLE `m_lokasi`
  MODIFY `id_lokasi` int(11) NOT NULL AUTO_INCREMENT, AUTO_INCREMENT=66;

--
-- AUTO_INCREMENT for table `m_perumahan`
--
ALTER TABLE `m_perumahan`
  MODIFY `id_perumahan` int(11) NOT NULL AUTO_INCREMENT, AUTO_INCREMENT=47;

--
-- AUTO_INCREMENT for table `m_risiko`
--
ALTER TABLE `m_risiko`
  MODIFY `id_risiko` int(11) NOT NULL AUTO_INCREMENT, AUTO_INCREMENT=40;

--
-- AUTO_INCREMENT for table `pengguna`
--
ALTER TABLE `pengguna`
  MODIFY `id_pengguna` int(11) NOT NULL AUTO_INCREMENT, AUTO_INCREMENT=3;
COMMIT;

/*!40101 SET CHARACTER_SET_CLIENT=@OLD_CHARACTER_SET_CLIENT */;
/*!40101 SET CHARACTER_SET_RESULTS=@OLD_CHARACTER_SET_RESULTS */;
/*!40101 SET COLLATION_CONNECTION=@OLD_COLLATION_CONNECTION */;
